{"version": "1", "message": "ERROR: Hidden Testcases server unreachable.", "problem_id": "ads2_m2_a1_1", "user_id": "krishnasairam", "score": {"sample": {"0": {"execution_time": 0.1960618495941162, "passed": true}, "1": {"execution_time": 0.1794881820678711, "passed": true}, "2": {"execution_time": 0.17237043380737305, "passed": true}, "3": {"execution_time": 0.19263434410095215, "passed": true}, "4": {"execution_time": 0.1953725814819336, "passed": true}, "5": {"execution_time": 0.19577693939208984, "passed": true}, "6": {"execution_time": 0.18900489807128906, "passed": true}, "7": {"execution_time": 0.19671630859375, "passed": true}, "8": {"execution_time": 0.17073440551757812, "passed": true}, "9": {"execution_time": 0.17988944053649902, "passed": true}, "10": {"execution_time": 0.18001699447631836, "passed": true}, "11": {"execution_time": 0.17941570281982422, "passed": true}, "12": {"execution_time": 0.17637324333190918, "passed": true}, "13": {"execution_time": 0.1851029396057129, "passed": true}, "14": {"execution_time": 0.14705848693847656, "passed": true}, "15": {"execution_time": 0.2111220359802246, "passed": true}, "16": {"execution_time": 0.20169401168823242, "passed": true}, "17": {"execution_time": 0.1979200839996338, "passed": true}, "18": {"execution_time": 0.2057631015777588, "passed": true}, "19": {"execution_time": 0.21052145957946777, "passed": true}, "20": {"execution_time": 0.2361125946044922, "passed": true}, "21": {"execution_time": 0.1771388053894043, "passed": true}, "22": {"execution_time": 0.38056206703186035, "passed": true}, "23": {"execution_time": 0.36469197273254395, "passed": true}}}, "check_style_score": "1/1"}