{"version": "1", "message": "ERROR: Hidden Testcases server unreachable.", "problem_id": "ads2_m6_a1_1", "user_id": "Madhulika", "score": {"sample": {"0": {"execution_time": 0.48180675506591797, "passed": false}, "1": {"execution_time": 0.3175053596496582, "passed": false}, "2": {"execution_time": 0.3295891284942627, "passed": false}, "3": {"execution_time": 0.4157888889312744, "passed": false}, "4": {"execution_time": 0.3666343688964844, "passed": false}, "5": {"execution_time": 0.5513629913330078, "passed": false}, "6": {"execution_time": 0.414564847946167, "passed": true}, "7": {"execution_time": 0.45122790336608887, "passed": false}, "8": {"execution_time": 0.47544217109680176, "passed": true}, "9": {"execution_time": 0.4545762538909912, "passed": false}, "10": {"execution_time": 0.4216170310974121, "passed": true}, "11": {"execution_time": 0.47081542015075684, "passed": false}}}, "check_style_score": "1/1"}