{"version": "1", "message": "ERROR: Hidden Testcases server unreachable.", "problem_id": "ads2_m6_a1_1", "user_id": "Madhulika", "score": {"sample": {"0": {"execution_time": 0.6409311294555664, "passed": false}, "1": {"execution_time": 0.3839287757873535, "passed": false}, "2": {"execution_time": 0.6301262378692627, "passed": false}, "3": {"execution_time": 0.38178539276123047, "passed": false}, "4": {"execution_time": 0.4889545440673828, "passed": false}, "5": {"execution_time": 0.5324699878692627, "passed": false}, "6": {"execution_time": 0.36899352073669434, "passed": true}, "7": {"execution_time": 0.39360713958740234, "passed": false}, "8": {"execution_time": 0.5674028396606445, "passed": true}, "9": {"execution_time": 0.37644481658935547, "passed": false}, "10": {"execution_time": 0.41918325424194336, "passed": true}, "11": {"execution_time": 0.34947752952575684, "passed": false}}}, "check_style_score": "1/1"}