{"version": "1", "message": "ERROR: Hidden Testcases server unreachable.", "problem_id": "ads2_m6_a1_1", "user_id": "Madhulika", "score": {"sample": {"0": {"execution_time": 0.39922046661376953, "passed": false}, "1": {"execution_time": 0.5286731719970703, "passed": false}, "2": {"execution_time": 0.32120370864868164, "passed": false}, "3": {"execution_time": 0.40136265754699707, "passed": false}, "4": {"execution_time": 0.32712340354919434, "passed": false}, "5": {"execution_time": 0.6771352291107178, "passed": false}, "6": {"execution_time": 0.29743123054504395, "passed": true}, "7": {"execution_time": 0.5843710899353027, "passed": false}, "8": {"execution_time": 0.3840937614440918, "passed": true}, "9": {"execution_time": 0.353466272354126, "passed": false}, "10": {"execution_time": 0.4550628662109375, "passed": true}, "11": {"execution_time": 0.5997862815856934, "passed": false}}}, "check_style_score": "1/1"}