{"version": "1", "message": "ERROR: Hidden Testcases server unreachable.", "problem_id": "ads2_m6_a1_1", "user_id": "Madhulika", "score": {"sample": {"0": {"execution_time": 0.6543805599212646, "passed": false}, "1": {"execution_time": 0.26203083992004395, "passed": false}, "2": {"execution_time": 0.2658958435058594, "passed": false}, "3": {"execution_time": 0.2700083255767822, "passed": false}, "4": {"execution_time": 0.35109663009643555, "passed": false}, "5": {"execution_time": 0.25807857513427734, "passed": false}, "6": {"execution_time": 0.2950277328491211, "passed": false}, "7": {"execution_time": 0.20282554626464844, "passed": false}, "8": {"execution_time": 0.4646122455596924, "passed": false}, "9": {"execution_time": 0.19707274436950684, "passed": false}, "10": {"execution_time": 0.20475149154663086, "passed": false}, "11": {"execution_time": 0.21325922012329102, "passed": false}}}, "check_style_score": "0/1"}