{"version": "1", "message": "ERROR: Hidden Testcases server unreachable.", "problem_id": "ads2_m6_a1_1", "user_id": "Madhulika", "score": {"sample": {"0": {"execution_time": 3.7812867164611816, "passed": true}, "1": {"execution_time": 0.30358266830444336, "passed": false}, "2": {"execution_time": 0.4289698600769043, "passed": false}, "3": {"execution_time": 0.32224392890930176, "passed": false}, "4": {"execution_time": 0.485492467880249, "passed": false}, "5": {"execution_time": 0.3336343765258789, "passed": false}, "6": {"execution_time": 0.349855899810791, "passed": true}, "7": {"execution_time": 0.2879221439361572, "passed": false}, "8": {"execution_time": 0.37846970558166504, "passed": true}, "9": {"execution_time": 0.31300806999206543, "passed": false}, "10": {"execution_time": 0.2875690460205078, "passed": true}, "11": {"execution_time": 0.3165550231933594, "passed": false}}}, "check_style_score": "1/1"}