{"version": "1", "message": "ERROR: Hidden Testcases server unreachable.", "problem_id": "ads2_m6_a1_1", "user_id": "Madhulika", "score": {"sample": {"0": {"execution_time": 0.2859072685241699, "passed": true}, "1": {"execution_time": 0.28647518157958984, "passed": false}, "2": {"execution_time": 0.30786871910095215, "passed": false}, "3": {"execution_time": 0.2929258346557617, "passed": false}, "4": {"execution_time": 0.33171892166137695, "passed": false}, "5": {"execution_time": 0.2906217575073242, "passed": false}, "6": {"execution_time": 0.3125467300415039, "passed": true}, "7": {"execution_time": 1.113781452178955, "passed": false}, "8": {"execution_time": 0.3123433589935303, "passed": true}, "9": {"execution_time": 0.3006417751312256, "passed": false}, "10": {"execution_time": 0.28799891471862793, "passed": true}, "11": {"execution_time": 0.30087900161743164, "passed": false}}}, "check_style_score": "0/1"}