{"version": "1", "message": "ERROR: Hidden Testcases server unreachable.", "problem_id": "ads2_m6_a1_1", "user_id": "Madhulika", "score": {"sample": {"0": {"execution_time": 2.318636894226074, "passed": false}, "1": {"execution_time": 0.4146718978881836, "passed": false}, "2": {"execution_time": 0.5137674808502197, "passed": false}, "3": {"execution_time": 0.40267205238342285, "passed": false}, "4": {"execution_time": 0.38400721549987793, "passed": false}, "5": {"execution_time": 0.39347171783447266, "passed": false}, "6": {"execution_time": 0.37299036979675293, "passed": true}, "7": {"execution_time": 0.32857251167297363, "passed": false}, "8": {"execution_time": 0.33961939811706543, "passed": true}, "9": {"execution_time": 0.4370582103729248, "passed": false}, "10": {"execution_time": 0.43868160247802734, "passed": true}, "11": {"execution_time": 0.3470776081085205, "passed": false}}}, "check_style_score": "1/1"}