{"version": "1", "message": "ERROR: Hidden Testcases server unreachable.", "problem_id": "ads2_m6_a1_1", "user_id": "Madhulika", "score": {"sample": {"0": {"execution_time": 0.4844844341278076, "passed": false}, "1": {"execution_time": 0.3663911819458008, "passed": false}, "2": {"execution_time": 0.48529505729675293, "passed": false}, "3": {"execution_time": 0.5149617195129395, "passed": false}, "4": {"execution_time": 0.34880542755126953, "passed": false}, "5": {"execution_time": 0.3847482204437256, "passed": false}, "6": {"execution_time": 0.5035982131958008, "passed": true}, "7": {"execution_time": 0.3849799633026123, "passed": false}, "8": {"execution_time": 0.3573720455169678, "passed": true}, "9": {"execution_time": 0.33489298820495605, "passed": false}, "10": {"execution_time": 0.306868314743042, "passed": true}, "11": {"execution_time": 0.49725818634033203, "passed": false}}}, "check_style_score": "1/1"}