{"version": "1", "message": "ERROR: Hidden Testcases server unreachable.", "problem_id": "ads2_m6_a1_1", "user_id": "Madhulika", "score": {"sample": {"0": {"execution_time": 0.4694368839263916, "passed": false}, "1": {"execution_time": 0.3538990020751953, "passed": false}, "2": {"execution_time": 0.3519415855407715, "passed": false}, "3": {"execution_time": 0.43626999855041504, "passed": false}, "4": {"execution_time": 0.467390775680542, "passed": false}, "5": {"execution_time": 0.469921350479126, "passed": false}, "6": {"execution_time": 0.45212316513061523, "passed": false}, "7": {"execution_time": 0.39486265182495117, "passed": false}, "8": {"execution_time": 0.33429884910583496, "passed": false}, "9": {"execution_time": 0.37758731842041016, "passed": false}, "10": {"execution_time": 0.40571093559265137, "passed": false}, "11": {"execution_time": 0.5012056827545166, "passed": false}}}, "check_style_score": "0/1"}