{"version": "1", "message": "ERROR: Hidden Testcases server unreachable.", "problem_id": "ads2_m6_a1_1", "user_id": "Madhulika", "score": {"sample": {"0": {"execution_time": 0.28803324699401855, "passed": true}, "1": {"execution_time": 0.38457512855529785, "passed": false}, "2": {"execution_time": 0.456951379776001, "passed": false}, "3": {"execution_time": 0.3032534122467041, "passed": false}, "4": {"execution_time": 0.32561421394348145, "passed": false}, "5": {"execution_time": 0.30064821243286133, "passed": false}, "6": {"execution_time": 0.2889890670776367, "passed": true}, "7": {"execution_time": 0.30731678009033203, "passed": false}, "8": {"execution_time": 0.29587602615356445, "passed": true}, "9": {"execution_time": 0.3174729347229004, "passed": false}, "10": {"execution_time": 0.5851876735687256, "passed": true}, "11": {"execution_time": 0.4950721263885498, "passed": false}}}, "check_style_score": "1/1"}