{"version": "1", "message": "ERROR: Hidden Testcases server unreachable.", "problem_id": "ads2_m6_a1_1", "user_id": "Madhulika", "score": {"sample": {"0": {"execution_time": 3.3054184913635254, "passed": false}, "1": {"execution_time": 0.5317752361297607, "passed": false}, "2": {"execution_time": 0.4194934368133545, "passed": false}, "3": {"execution_time": 0.33397507667541504, "passed": false}, "4": {"execution_time": 0.47385621070861816, "passed": false}, "5": {"execution_time": 0.363544225692749, "passed": false}, "6": {"execution_time": 0.3467860221862793, "passed": true}, "7": {"execution_time": 0.4718465805053711, "passed": false}, "8": {"execution_time": 0.3274497985839844, "passed": true}, "9": {"execution_time": 0.5774414539337158, "passed": false}, "10": {"execution_time": 0.4232196807861328, "passed": true}, "11": {"execution_time": 0.6689858436584473, "passed": false}}}, "check_style_score": "1/1"}