{"version": "1", "message": "ERROR: Hidden Testcases server unreachable.", "problem_id": "ads2_m6_a1_1", "user_id": "Madhulika", "score": {"sample": {"0": {"execution_time": 0.36665892601013184, "passed": true}, "1": {"execution_time": 0.6369297504425049, "passed": false}, "2": {"execution_time": 0.9322235584259033, "passed": false}, "3": {"execution_time": 1.048156499862671, "passed": false}, "4": {"execution_time": 0.8637022972106934, "passed": false}, "5": {"execution_time": 0.30534958839416504, "passed": false}, "6": {"execution_time": 0.2916417121887207, "passed": false}, "7": {"execution_time": 0.29731059074401855, "passed": false}, "8": {"execution_time": 0.5134851932525635, "passed": false}, "9": {"execution_time": 0.3524746894836426, "passed": false}, "10": {"execution_time": 0.5016813278198242, "passed": false}, "11": {"execution_time": 11.13965630531311, "passed": false}}}, "check_style_score": "0/1"}