{"version": "1", "message": "ERROR: Hidden Testcases server unreachable.", "problem_id": "ads2_m6_a1_1", "user_id": "Madhulika", "score": {"sample": {"0": {"execution_time": 0.41428232192993164, "passed": false}, "1": {"execution_time": 0.5004417896270752, "passed": false}, "2": {"execution_time": 0.5478630065917969, "passed": false}, "3": {"execution_time": 0.3624582290649414, "passed": false}, "4": {"execution_time": 0.4505321979522705, "passed": false}, "5": {"execution_time": 0.6268489360809326, "passed": false}, "6": {"execution_time": 0.2965269088745117, "passed": true}, "7": {"execution_time": 0.34662485122680664, "passed": false}, "8": {"execution_time": 0.300494909286499, "passed": false}, "9": {"execution_time": 0.32126665115356445, "passed": false}, "10": {"execution_time": 0.2948002815246582, "passed": true}, "11": {"execution_time": 0.36426663398742676, "passed": false}}}, "check_style_score": "1/1"}