{"version": "1", "message": "ERROR: Hidden Testcases server unreachable.", "problem_id": "ads2_m6_a1_1", "user_id": "Madhulika", "score": {"sample": {"0": {"execution_time": 0.3683648109436035, "passed": false}, "1": {"execution_time": 0.36319470405578613, "passed": false}, "2": {"execution_time": 0.42013978958129883, "passed": false}, "3": {"execution_time": 0.3225536346435547, "passed": false}, "4": {"execution_time": 0.3456850051879883, "passed": false}, "5": {"execution_time": 0.30259084701538086, "passed": false}, "6": {"execution_time": 0.4494926929473877, "passed": true}, "7": {"execution_time": 0.4322788715362549, "passed": false}, "8": {"execution_time": 0.37453436851501465, "passed": true}, "9": {"execution_time": 0.4499528408050537, "passed": false}, "10": {"execution_time": 0.6239337921142578, "passed": true}, "11": {"execution_time": 0.39934682846069336, "passed": false}}}, "check_style_score": "1/1"}