{"version": "1", "message": "ERROR: Hidden Testcases server unreachable.", "problem_id": "ads2_m2_a1_1", "user_id": "Madhulika", "score": {"sample": {"0": {"execution_time": 1.522165298461914, "passed": true}, "1": {"execution_time": 0.21027541160583496, "passed": true}, "2": {"execution_time": 0.20803427696228027, "passed": true}, "3": {"execution_time": 0.20884394645690918, "passed": true}, "4": {"execution_time": 0.2117161750793457, "passed": true}, "5": {"execution_time": 0.2406466007232666, "passed": true}, "6": {"execution_time": 0.24345827102661133, "passed": true}, "7": {"execution_time": 0.2864811420440674, "passed": true}, "8": {"execution_time": 0.22728395462036133, "passed": true}, "9": {"execution_time": 0.22981834411621094, "passed": true}, "10": {"execution_time": 0.24004578590393066, "passed": true}, "11": {"execution_time": 0.21013641357421875, "passed": true}, "12": {"execution_time": 0.2146446704864502, "passed": true}, "13": {"execution_time": 0.22995281219482422, "passed": true}, "14": {"execution_time": 0.2908947467803955, "passed": true}, "15": {"execution_time": 0.2519679069519043, "passed": true}, "16": {"execution_time": 0.2689085006713867, "passed": true}, "17": {"execution_time": 0.43483591079711914, "passed": true}, "18": {"execution_time": 0.3939507007598877, "passed": true}, "19": {"execution_time": 0.4348299503326416, "passed": true}, "20": {"execution_time": 0.375993013381958, "passed": true}, "21": {"execution_time": 0.3301205635070801, "passed": true}, "22": {"execution_time": 0.9943399429321289, "passed": true}, "23": {"execution_time": 0.571469783782959, "passed": true}}}, "check_style_score": "1/1"}