{"version": "1", "message": "ERROR: Hidden Testcases server unreachable.", "problem_id": "ads2_m2_a1_1", "user_id": "Madhulika", "score": {"sample": {"0": {"execution_time": 0.37403178215026855, "passed": true}, "1": {"execution_time": 0.21818995475769043, "passed": true}, "2": {"execution_time": 0.22343850135803223, "passed": true}, "3": {"execution_time": 0.22014570236206055, "passed": true}, "4": {"execution_time": 0.22339987754821777, "passed": true}, "5": {"execution_time": 0.22006916999816895, "passed": true}, "6": {"execution_time": 0.2205796241760254, "passed": true}, "7": {"execution_time": 0.2227153778076172, "passed": true}, "8": {"execution_time": 0.2141101360321045, "passed": true}, "9": {"execution_time": 0.23736262321472168, "passed": true}, "10": {"execution_time": 0.22171688079833984, "passed": true}, "11": {"execution_time": 0.22532296180725098, "passed": true}, "12": {"execution_time": 0.2232990264892578, "passed": true}, "13": {"execution_time": 0.22948551177978516, "passed": true}, "14": {"execution_time": 0.4347245693206787, "passed": true}, "15": {"execution_time": 0.24013829231262207, "passed": true}, "16": {"execution_time": 0.3080713748931885, "passed": true}, "17": {"execution_time": 0.2942976951599121, "passed": true}, "18": {"execution_time": 0.4223611354827881, "passed": true}, "19": {"execution_time": 0.3339691162109375, "passed": true}, "20": {"execution_time": 0.3350820541381836, "passed": true}, "21": {"execution_time": 0.25867199897766113, "passed": true}, "22": {"execution_time": 0.47871899604797363, "passed": true}, "23": {"execution_time": 0.4338414669036865, "passed": true}}}, "check_style_score": "1/1"}