{"version": "1", "message": "ERROR: Hidden Testcases server unreachable.", "problem_id": "ads2_m2_a1_1", "user_id": "Madhulika", "score": {"sample": {"0": {"execution_time": 0.6891963481903076, "passed": false}, "1": {"execution_time": 0.28224730491638184, "passed": false}, "2": {"execution_time": 0.2194523811340332, "passed": false}, "3": {"execution_time": 0.2267165184020996, "passed": false}, "4": {"execution_time": 0.2125566005706787, "passed": false}, "5": {"execution_time": 0.22195649147033691, "passed": false}, "6": {"execution_time": 0.21667194366455078, "passed": false}, "7": {"execution_time": 0.298861026763916, "passed": false}, "8": {"execution_time": 0.3513214588165283, "passed": false}, "9": {"execution_time": 0.22295880317687988, "passed": false}, "10": {"execution_time": 0.2132565975189209, "passed": false}, "11": {"execution_time": 0.2343752384185791, "passed": false}, "12": {"execution_time": 0.21741795539855957, "passed": false}, "13": {"execution_time": 0.23242449760437012, "passed": false}, "14": {"execution_time": 0.22536659240722656, "passed": false}, "15": {"execution_time": 0.24157428741455078, "passed": false}, "16": {"execution_time": 0.24958443641662598, "passed": false}, "17": {"execution_time": 0.2690451145172119, "passed": false}, "18": {"execution_time": 0.2752072811126709, "passed": false}, "19": {"execution_time": 0.2901592254638672, "passed": false}, "20": {"execution_time": 0.2953324317932129, "passed": false}, "21": {"execution_time": 0.2642993927001953, "passed": false}, "22": {"execution_time": 0.6146090030670166, "passed": false}, "23": {"execution_time": 0.41206932067871094, "passed": false}}}, "check_style_score": "1/1"}