{"version": "1", "message": "ERROR: Hidden Testcases server unreachable.", "problem_id": "ads2_m2_a1_1", "user_id": "Madhulika", "score": {"sample": {"0": {"execution_time": 1.7321574687957764, "passed": true}, "1": {"execution_time": 0.35251951217651367, "passed": true}, "2": {"execution_time": 0.3036539554595947, "passed": true}, "3": {"execution_time": 0.23151850700378418, "passed": true}, "4": {"execution_time": 0.310283899307251, "passed": true}, "5": {"execution_time": 0.4045891761779785, "passed": true}, "6": {"execution_time": 0.2596406936645508, "passed": true}, "7": {"execution_time": 0.2359778881072998, "passed": true}, "8": {"execution_time": 0.6320736408233643, "passed": true}, "9": {"execution_time": 0.2245619297027588, "passed": true}, "10": {"execution_time": 0.3956332206726074, "passed": true}, "11": {"execution_time": 0.31641411781311035, "passed": true}, "12": {"execution_time": 0.32829928398132324, "passed": true}, "13": {"execution_time": 0.2918510437011719, "passed": true}, "14": {"execution_time": 0.5406346321105957, "passed": true}, "15": {"execution_time": 0.48674440383911133, "passed": true}, "16": {"execution_time": 0.34972548484802246, "passed": true}, "17": {"execution_time": 0.555872917175293, "passed": true}, "18": {"execution_time": 0.31099772453308105, "passed": true}, "19": {"execution_time": 0.3835475444793701, "passed": true}, "20": {"execution_time": 0.47802138328552246, "passed": true}, "21": {"execution_time": 0.2525784969329834, "passed": true}, "22": {"execution_time": 0.7814745903015137, "passed": true}, "23": {"execution_time": 0.7478454113006592, "passed": true}}}, "check_style_score": "1/1"}