{"version": "1", "message": "ERROR: Hidden Testcases server unreachable.", "problem_id": "ads2_m16_a1_1", "user_id": "Madhulika", "score": {"sample": {"0": {"execution_time": 0.46910834312438965, "passed": false}, "1": {"execution_time": 0.32640886306762695, "passed": false}, "2": {"execution_time": 0.5574395656585693, "passed": false}, "3": {"execution_time": 0.5329360961914062, "passed": false}, "4": {"execution_time": 0.537367582321167, "passed": false}, "5": {"execution_time": 0.5107784271240234, "passed": false}, "6": {"execution_time": 0.539989709854126, "passed": false}, "7": {"execution_time": 0.5444004535675049, "passed": false}, "8": {"execution_time": 0.3435838222503662, "passed": false}, "9": {"execution_time": 0.5329582691192627, "passed": false}, "10": {"execution_time": 0.7690739631652832, "passed": false}, "11": {"execution_time": 0.26026248931884766, "passed": false}, "12": {"execution_time": 0.5177028179168701, "passed": false}, "13": {"execution_time": 0.278857946395874, "passed": false}, "14": {"execution_time": 0.5682423114776611, "passed": false}, "15": {"execution_time": 0.5423049926757812, "passed": false}, "16": {"execution_time": 0.34590983390808105, "passed": false}, "17": {"execution_time": 0.34596943855285645, "passed": false}, "18": {"execution_time": 0.3745241165161133, "passed": false}, "19": {"execution_time": 0.3339512348175049, "passed": false}, "20": {"execution_time": 0.3279891014099121, "passed": false}, "21": {"execution_time": 0.3699169158935547, "passed": false}, "22": {"execution_time": 0.3418605327606201, "passed": false}, "23": {"execution_time": 0.3381679058074951, "passed": false}, "24": {"execution_time": 0.31781840324401855, "passed": false}, "25": {"execution_time": 0.6058626174926758, "passed": false}, "26": {"execution_time": 0.4829671382904053, "passed": false}, "27": {"execution_time": 0.7760705947875977, "passed": false}, "28": {"execution_time": 0.8294901847839355, "passed": false}, "29": {"execution_time": 0.4339897632598877, "passed": false}}}, "check_style_score": "0/1"}