{"version": "1", "message": "ERROR: Hidden Testcases server unreachable.", "problem_id": "ads2_m16_a1_1", "user_id": "Madhulika", "score": {"sample": {"0": {"execution_time": 1.9770324230194092, "passed": true}, "1": {"execution_time": 0.40305256843566895, "passed": true}, "2": {"execution_time": 1.2875940799713135, "passed": true}, "3": {"execution_time": 1.23097825050354, "passed": true}, "4": {"execution_time": 0.8343708515167236, "passed": true}, "5": {"execution_time": 0.8790664672851562, "passed": true}, "6": {"execution_time": 0.853104829788208, "passed": true}, "7": {"execution_time": 0.9987859725952148, "passed": true}, "8": {"execution_time": 0.7898848056793213, "passed": true}, "9": {"execution_time": 0.8414795398712158, "passed": true}, "10": {"execution_time": 1.2546780109405518, "passed": true}, "11": {"execution_time": 6.700942754745483, "passed": true}, "12": {"execution_time": 1.3008127212524414, "passed": true}, "13": {"execution_time": 0.5620932579040527, "passed": true}, "14": {"execution_time": 0.9742586612701416, "passed": true}, "15": {"execution_time": 0.9440436363220215, "passed": true}, "16": {"execution_time": 0.7016134262084961, "passed": true}, "17": {"execution_time": 1.3401257991790771, "passed": true}, "18": {"execution_time": 0.8666722774505615, "passed": true}, "19": {"execution_time": 0.4852912425994873, "passed": true}, "20": {"execution_time": 0.5004069805145264, "passed": true}, "21": {"execution_time": 0.4294402599334717, "passed": true}, "22": {"execution_time": 0.4403049945831299, "passed": true}, "23": {"execution_time": 0.43662333488464355, "passed": true}, "24": {"execution_time": 0.3342151641845703, "passed": true}, "25": {"execution_time": 0.9340267181396484, "passed": true}, "26": {"execution_time": 0.802330493927002, "passed": true}, "27": {"execution_time": 1.007906436920166, "passed": true}, "28": {"execution_time": 1.541167974472046, "passed": true}, "29": {"execution_time": 1.4985988140106201, "passed": true}}}, "check_style_score": "1/1"}