{"version": "1", "message": "ERROR: Hidden Testcases server unreachable.", "problem_id": "ads2_m16_a1_1", "user_id": "Madhulika", "score": {"sample": {"0": {"execution_time": 0.5450875759124756, "passed": false}, "1": {"execution_time": 0.5333542823791504, "passed": false}, "2": {"execution_time": 0.9740724563598633, "passed": false}, "3": {"execution_time": 0.832085371017456, "passed": false}, "4": {"execution_time": 1.264523983001709, "passed": false}, "5": {"execution_time": 0.9200029373168945, "passed": false}, "6": {"execution_time": 0.8541383743286133, "passed": false}, "7": {"execution_time": 0.8596503734588623, "passed": false}, "8": {"execution_time": 0.7902517318725586, "passed": false}, "9": {"execution_time": 0.8789987564086914, "passed": false}, "10": {"execution_time": 0.8669559955596924, "passed": false}, "11": {"execution_time": 6.450030326843262, "passed": false}, "12": {"execution_time": 1.2892560958862305, "passed": false}, "13": {"execution_time": 0.37544941902160645, "passed": true}, "14": {"execution_time": 0.8529903888702393, "passed": false}, "15": {"execution_time": 0.8819832801818848, "passed": false}, "16": {"execution_time": 0.6699023246765137, "passed": false}, "17": {"execution_time": 0.5594971179962158, "passed": false}, "18": {"execution_time": 0.6443521976470947, "passed": false}, "19": {"execution_time": 0.4681737422943115, "passed": false}, "20": {"execution_time": 0.6581134796142578, "passed": false}, "21": {"execution_time": 0.4381544589996338, "passed": false}, "22": {"execution_time": 0.42154932022094727, "passed": false}, "23": {"execution_time": 0.4296877384185791, "passed": false}, "24": {"execution_time": 0.31905484199523926, "passed": true}, "25": {"execution_time": 0.9541349411010742, "passed": false}, "26": {"execution_time": 0.9325416088104248, "passed": false}, "27": {"execution_time": 1.2092995643615723, "passed": false}, "28": {"execution_time": 1.5887525081634521, "passed": false}, "29": {"execution_time": 0.3102388381958008, "passed": false}}}, "check_style_score": "0/1"}