{"version": "1", "message": "ERROR: Hidden Testcases server unreachable.", "problem_id": "ads2_m16_a1_1", "user_id": "Madhulika", "score": {"sample": {"0": {"execution_time": 0.5186941623687744, "passed": true}, "1": {"execution_time": 0.35895252227783203, "passed": true}, "2": {"execution_time": 0.8301928043365479, "passed": true}, "3": {"execution_time": 0.8582766056060791, "passed": true}, "4": {"execution_time": 0.8550901412963867, "passed": true}, "5": {"execution_time": 0.8571875095367432, "passed": true}, "6": {"execution_time": 0.8558597564697266, "passed": true}, "7": {"execution_time": 0.8795957565307617, "passed": true}, "8": {"execution_time": 0.4428412914276123, "passed": true}, "9": {"execution_time": 1.1436843872070312, "passed": true}, "10": {"execution_time": 0.8383188247680664, "passed": true}, "11": {"execution_time": 6.5895209312438965, "passed": true}, "12": {"execution_time": 0.838587760925293, "passed": true}, "13": {"execution_time": 0.33716917037963867, "passed": true}, "14": {"execution_time": 0.8300385475158691, "passed": true}, "15": {"execution_time": 0.8633465766906738, "passed": true}, "16": {"execution_time": 0.4346132278442383, "passed": true}, "17": {"execution_time": 0.43340611457824707, "passed": true}, "18": {"execution_time": 0.72220778465271, "passed": true}, "19": {"execution_time": 0.4479341506958008, "passed": true}, "20": {"execution_time": 0.5099306106567383, "passed": true}, "21": {"execution_time": 0.4402592182159424, "passed": true}, "22": {"execution_time": 0.41820383071899414, "passed": true}, "23": {"execution_time": 0.44104647636413574, "passed": true}, "24": {"execution_time": 0.3100094795227051, "passed": true}, "25": {"execution_time": 0.92130446434021, "passed": true}, "26": {"execution_time": 1.0995476245880127, "passed": true}, "27": {"execution_time": 0.9968955516815186, "passed": true}, "28": {"execution_time": 1.5779621601104736, "passed": true}, "29": {"execution_time": 1.394883632659912, "passed": true}}}, "check_style_score": "0/1"}