{"version": "1", "message": "ERROR: Hidden Testcases server unreachable.", "problem_id": "ads2_m16_a1_1", "user_id": "Madhulika", "score": {"sample": {"0": {"execution_time": 0.3694603443145752, "passed": true}, "1": {"execution_time": 0.3741414546966553, "passed": true}, "2": {"execution_time": 0.8354446887969971, "passed": true}, "3": {"execution_time": 0.8234219551086426, "passed": true}, "4": {"execution_time": 0.8476057052612305, "passed": true}, "5": {"execution_time": 0.9678065776824951, "passed": true}, "6": {"execution_time": 0.838921070098877, "passed": true}, "7": {"execution_time": 0.8327207565307617, "passed": true}, "8": {"execution_time": 0.46648311614990234, "passed": true}, "9": {"execution_time": 0.8033332824707031, "passed": true}, "10": {"execution_time": 0.846581220626831, "passed": true}, "11": {"execution_time": 6.590389251708984, "passed": true}, "12": {"execution_time": 0.866626501083374, "passed": true}, "13": {"execution_time": 0.3373425006866455, "passed": true}, "14": {"execution_time": 1.199246883392334, "passed": true}, "15": {"execution_time": 0.8451788425445557, "passed": true}, "16": {"execution_time": 0.9616718292236328, "passed": true}, "17": {"execution_time": 0.43059420585632324, "passed": true}, "18": {"execution_time": 0.4336881637573242, "passed": true}, "19": {"execution_time": 0.4493989944458008, "passed": true}, "20": {"execution_time": 0.6932172775268555, "passed": true}, "21": {"execution_time": 0.4410591125488281, "passed": true}, "22": {"execution_time": 0.42382001876831055, "passed": true}, "23": {"execution_time": 0.4480428695678711, "passed": true}, "24": {"execution_time": 0.3741490840911865, "passed": true}, "25": {"execution_time": 1.1460816860198975, "passed": true}, "26": {"execution_time": 1.0532574653625488, "passed": true}, "27": {"execution_time": 1.151582956314087, "passed": true}, "28": {"execution_time": 2.2422597408294678, "passed": true}, "29": {"execution_time": 0.3097712993621826, "passed": false}}}, "check_style_score": "0/1"}