{"version": "1", "message": "ERROR: Hidden Testcases server unreachable.", "problem_id": "ads2_m16_a1_1", "user_id": "Madhulika", "score": {"sample": {"0": {"execution_time": 1.6237359046936035, "passed": false}, "1": {"execution_time": 0.2871410846710205, "passed": false}, "2": {"execution_time": 0.9598653316497803, "passed": false}, "3": {"execution_time": 0.5278692245483398, "passed": false}, "4": {"execution_time": 0.6415507793426514, "passed": false}, "5": {"execution_time": 0.5123426914215088, "passed": false}, "6": {"execution_time": 1.0187201499938965, "passed": false}, "7": {"execution_time": 0.5397181510925293, "passed": false}, "8": {"execution_time": 0.5130696296691895, "passed": false}, "9": {"execution_time": 0.5336136817932129, "passed": false}, "10": {"execution_time": 0.6544589996337891, "passed": false}, "11": {"execution_time": 0.3114783763885498, "passed": false}, "12": {"execution_time": 0.5401420593261719, "passed": false}, "13": {"execution_time": 0.5174329280853271, "passed": false}, "14": {"execution_time": 0.5813066959381104, "passed": false}, "15": {"execution_time": 0.5224013328552246, "passed": false}, "16": {"execution_time": 0.5907893180847168, "passed": false}, "17": {"execution_time": 0.3368690013885498, "passed": false}, "18": {"execution_time": 0.37195396423339844, "passed": false}, "19": {"execution_time": 0.3447260856628418, "passed": false}, "20": {"execution_time": 0.34449219703674316, "passed": false}, "21": {"execution_time": 0.332899808883667, "passed": false}, "22": {"execution_time": 0.3413124084472656, "passed": false}, "23": {"execution_time": 0.3456113338470459, "passed": false}, "24": {"execution_time": 0.26178789138793945, "passed": false}, "25": {"execution_time": 0.5216295719146729, "passed": false}, "26": {"execution_time": 0.5185680389404297, "passed": false}, "27": {"execution_time": 0.7151739597320557, "passed": false}, "28": {"execution_time": 1.0421020984649658, "passed": false}, "29": {"execution_time": 0.5069353580474854, "passed": false}}}, "check_style_score": "0/1"}